province;red;green;blue;x;x
1;32;239;64;al-Jazaer;x
2;167;94;120;Mostaganem;x
3;126;82;147;Medea;x
4;0;144;160;Setif;x
5;223;176;192;Wahran;x
6;62;104;136;Tilimsan;x
7;32;112;64;Mascara;x
8;160;112;64;Naama;x
9;128;80;160;Constantine;x
10;1;208;160;Biskra;x
11;0;80;160;Annabah;x
12;128;144;223;Bejaia;x
13;64;80;160;Touggourt;x
14;160;240;128;Ouargla;x
15;32;239;128;Laghwat;x
16;96;112;1;Tindouf;x
17;160;239;128;Bechar;x
18;176;240;192;Chenachene;x
19;160;112;192;Timimoun;x
20;144;208;160;In Salah;x
21;128;144;96;Ilizi;x
22;1;17;224;Tamanrasset;x
23;144;208;32;In Guezzam;x
24;49;240;192;Tin Zawatene;x
25;49;97;65;Wien;x
26;17;128;160;Sankt Poelten;x
27;169;121;59;Krems;x
28;240;97;192;Salzburg;x
29;208;192;224;Vorarlberg;x
30;176;97;65;Graz;x
31;17;1;160;Judenburg;x
32;143;128;32;Kaernten;x
33;144;1;160;Linz;x
34;109;33;118;Wels;x
35;48;160;32;Burgenland;x
36;81;192;224;Innsbruck;x
37;240;224;192;Osttirol;x
38;208;191;96;Trento;x
39;208;64;224;Suedtirol;x
40;81;224;224;Budapest;x
41;208;97;224;Miskolc;x
42;132;97;101;Kecskemet;x
43;16;159;159;Debrecen;x
44;144;160;160;Szeged;x
45;80;96;223;Bekescsaba;x
46;207;223;223;Szekesfehervar;x
47;240;224;1;Sopron;x
48;113;97;128;Zalaegerszeg;x
49;207;32;32;Pecs;x
50;113;95;93;Gyoer;x
51;176;33;33;Kaposvar;x
52;128;160;33;Tallinn;x
53;1;160;33;Narva;x
54;1;33;160;Paernu;x
55;191;96;96;Dorpat;x
56;96;64;224;Oesel;x
57;0;160;160;Riga;x
58;128;33;160;Valmiera;x
59;191;32;96;Daugavpils;x
60;1;224;33;Jelgava;x
61;128;97;33;Ventspils;x
62;74;142;93;Liepaja;x
63;224;224;192;London;x
64;96;224;192;Oxford;x
65;98;89;147;Canterbury;x
66;128;0;32;Brighton;x
67;224;96;192;Southampton;x
68;96;224;0;Liverpool;x
69;224;224;0;Manchester;x
70;224;96;0;Cumberland;x
71;101;97;124;Chester;x
72;19;114;99;Isle of Man;x
73;96;96;0;Northumberland;x
74;224;96;128;Hull;x
75;96;96;128;Leeds;x
76;134;176;33;Sheffield;x
77;32;160;192;Birmingham;x
78;160;33;176;Shropshire;x
79;96;32;192;Coventry;x
80;224;224;128;Nottingham;x
81;160;160;192;Leicester;x
82;96;224;128;Lincoln;x
83;140;102;123;Cambridgeshire;x
84;224;32;64;Norfolk;x
85;96;160;64;Essex;x
86;224;160;64;St Albans;x
87;224;32;192;Gloucestershire;x
88;96;96;192;Wiltshere;x
89;224;224;64;Somerset;x
90;183;142;84;Channel Islands;x
91;96;160;192;Cornwall;x
92;160;224;64;Dublin;x
93;32;96;192;Kildare;x
94;96;224;64;Wexford;x
95;32;224;192;Galway;x
96;160;96;192;Sligo;x
97;160;192;224;Donegal;x
98;224;96;64;Cork;x
99;160;224;192;Limerick;x
100;150;146;121;Waterford;x
101;104;142;121;Belfast;x
102;160;96;64;Londonderry;x
103;32;224;64;Armagh;x
104;160;224;128;Edinburgh;x
105;32;224;128;Glasgow;x
106;54;56;131;Dumfries;x
107;160;224;0;Aberdeen;x
108;32;224;0;Inverness;x
109;32;96;128;Dundee;x
110;160;96;128;Stirling;x
111;32;32;192;Cardiff;x
112;160;160;64;Cardigan;x
113;32;160;64;Llandrindod;x
114;160;32;64;Holyhead;x
115;113;224;65;Praha;x
116;144;128;160;Hradec Kralove;x
117;113;97;65;Karlovy Vary;x
118;29;107;148;Usti nad Labem;x
119;240;97;65;Plzen;x
120;240;224;65;Ceske Budejovice;x
121;239;96;128;Brno;x
122;113;224;128;Olomouc;x
123;240;224;128;Opava;x
124;16;223;223;Tesin;x
125;81;97;97;Bratislava;x
126;144;224;224;Trencin;x
127;208;97;97;Nitra;x
128;81;48;106;Banska Bystrica;x
129;81;224;97;Kosice;x
130;32;192;0;Felvidek;x
131;208;224;97;Uzhhorod;x
132;65;224;208;Ankober;x
133;175;8;0;Bale;x
134;224;64;147;Aselia;x
135;32;97;17;Ogaden;x
136;65;96;208;Harer;x
137;191;223;207;Awasa;x
138;132;132;55;Bonga;x
139;64;188;224;Asosa;x
140;192;96;208;Sidamo;x
141;223;32;144;Gonder;x
142;192;64;224;Debre Tabor;x
143;224;102;64;Matamma;x
144;215;224;64;Debre Markos;x
145;240;144;160;Aksum;x
146;97;160;144;Antalo;x
147;159;160;97;Awsa;x
148;153;112;160;Asmara;x
149;112;144;160;Massawa;x
150;112;160;114;Akordat;x
151;160;126;112;Assab;x
152;64;224;80;Djibuti;x
153;144;96;0;Paris;x
154;144;160;192;Chartres;x
155;112;128;223;Melun;x
156;112;64;160;Laon;x
157;112;192;32;Cambrai;x
158;239;0;223;Troyes;x
159;239;64;160;Chalons;x
160;239;191;32;Charleville;x
161;239;64;32;Corsica;x
162;176;128;224;Nancy;x
163;112;191;160;Verdun;x
164;112;0;96;Chaumont;x
165;48;128;224;Epinal;x
166;240;0;96;Besancon;x
167;48;224;128;Laval;x
168;80;160;64;Anjou;x
169;63;116;175;La Roche;x
170;144;160;64;Caen;x
171;144;32;192;Rouen;x
172;176;96;128;Evreux;x
173;16;32;192;Alencon;x
174;160;160;128;Lille;x
175;224;160;192;Dunkirk;x
176;16;96;0;Arras;x
177;16;160;192;Amiens;x
178;196;198;26;Beauvais;x
179;136;98;119;Blois;x
180;144;224;0;Bourges;x
181;16;223;0;Orleans;x
182;208;32;64;Tours;x
183;176;224;128;Le Mans;x
184;240;160;128;Bordeaux;x
185;112;160;128;Mont de Marsan;x
186;240;32;128;Gramont;x
187;240;192;96;Aurillac;x
188;48;224;0;Cahors;x
189;112;192;96;Clermont-Ferrand;x
190;144;96;128;Montpellier;x
191;207;159;191;Carcassone;x
192;16;96;192;Perpignan;x
193;16;96;128;Rodez;x
194;16;96;64;Foix;x
195;176;224;0;Montauban;x
196;48;96;128;Toulouse;x
197;80;160;192;Chateauroux;x
198;176;96;0;Limoges;x
199;48;96;0;Marche;x
200;80;32;192;Angouleme;x
201;208;160;64;La Rochelle;x
202;208;32;192;Poitiers;x
203;176;64;96;Ain;x
204;48;192;96;Grenoble;x
205;239;64;96;Lyon;x
206;112;64;96;Valence;x
207;112;0;224;Auxerre;x
208;240;128;96;Dijon;x
209;112;128;96;Lons;x
210;109;120;150;Macon;x
211;240;128;224;Nevers;x
212;176;192;224;Avignon;x
213;176;64;224;Digne;x
214;176;192;96;Frejus;x
215;49;192;223;Marseille;x
216;48;64;224;Toulon;x
217;107;75;164;Annency;x
218;208;0;224;Chambery;x
219;80;128;224;Nice;x
220;208;224;128;Brest;x
221;85;96;126;St Brieuc;x
222;144;32;64;Vannes;x
223;16;160;64;Rennes;x
224;112;96;0;Nantes;x
225;131;177;168;Berlin;x
226;160;64;160;Uckermark;x
227;97;192;160;Prignitz;x
228;223;64;32;Niederlausitz;x
229;160;128;224;Magdeburg;x
230;138;68;140;Dessau;x
231;207;93;142;Halle;x
232;224;192;160;Altmark;x
233;224;128;160;Schwerin;x
234;224;65;160;Neustrelitz;x
235;86;116;82;Stralsund;x
236;160;65;33;Swinemuende;x
237;65;33;160;Koenigsberg;x
238;64;160;160;Memel;x
239;128;160;160;Danzig;x
240;122;96;97;Elbing;x
241;191;159;32;Allenstein;x
242;192;32;160;Gumbinnen;x
243;25;174;25;Stettin;x
244;160;192;32;Kolberg;x
245;128;1;160;Koeslin;x
246;96;191;32;Kuestrin;x
247;110;97;127;Breslau;x
248;192;1;33;Liegnitz;x
249;175;159;32;Oppeln;x
250;94;144;145;Kattowitz;x
251;176;1;33;Muenchen;x
252;176;128;33;Niederbayern;x
253;49;128;33;Ingolstadt;x
254;49;1;160;Oberpfalz;x
255;112;74;95;Augsburg;x
256;208;192;160;Nuernberg;x
257;144;64;160;Aschaffenburg;x
258;81;192;160;Wuerzburg;x
259;208;65;160;Oberfranken;x
260;121;83;104;Dresden;x
261;175;223;191;Leipzig;x
262;49;224;192;Chemnitz;x
263;97;65;33;Oberlausitz;x
264;97;128;97;Erfurt;x
265;81;192;33;Weimar;x
266;208;192;33;Gotha;x
267;81;65;160;Meiningen;x
268;105;75;145;Hannover;x
269;191;0;223;Nienburg;x
270;33;128;224;Braunschweig;x
271;160;1;224;Goettingen;x
272;88;114;151;Hamburg;x
273;65;128;97;Stade;x
274;192;128;224;Lueneburg;x
275;77;98;160;Osnabrueck;x
276;192;128;97;Bremen;x
277;192;1;97;Oldenburg;x
278;65;1;224;Cloppenburg;x
279;128;128;224;Lingen;x
280;120;75;142;Emden;x
281;33;1;224;Duesseldorf;x
282;128;1;224;Kleve;x
283;1;128;224;Muenster;x
284;160;128;97;Dortmund;x
285;65;128;33;Siegen;x
286;65;1;160;Korbach;x
287;81;1;160;Koblenz;x
288;159;0;96;Detmold;x
289;33;128;97;Minden;x
290;17;192;160;Frankfurt;x
291;81;128;33;Koeln;x
292;131;75;102;Aachen;x
293;208;128;33;Siegburg;x
294;81;128;160;Luxemburg;x
295;144;192;160;Wiesbaden;x
296;192;128;32;Kassel;x
297;139;124;103;Giessen;x
298;208;65;33;Fulda;x
299;17;65;160;Darmstadt;x
300;128;65;96;Kiel;x
301;224;0;160;Lauenburg;x
302;96;128;159;Luebeck;x
303;0;192;96;Flensburg;x
304;128;192;97;Aabenraa;x
305;17;128;96;Stuttgart;x
306;16;0;96;Hohenlohe;x
307;143;0;96;Tuebingen;x
308;219;184;76;Ulm;x
309;144;128;96;Hohenzollern;x
310;110;72;145;Strasbourg;x
311;176;0;224;Colmar;x
312;240;192;160;Metz;x
313;176;1;96;Baden;x
314;49;128;97;Pfalz;x
315;176;128;97;Breisgau;x
316;174;186;42;Fuerstenberg;x
317;144;192;32;Mainz;x
318;17;192;33;Kaiserlautern;x
319;93;122;104;Kreuznach;x
320;208;128;160;Trier;x
321;144;64;32;Saarland;x
322;128;33;17;Accra;x
323;133;4;230;Cape Coast;x
324;108;128;100;Sekondi;x
325;97;192;208;Kumasi;x
326;224;192;208;Kintampo;x
327;209;70;113;Wa;x
328;194;224;192;Tamale;x
329;141;127;98;Athina;x
330;81;135;145;Mesolongi;x
331;191;81;96;Lamia;x
332;70;95;141;Amfissa;x
333;160;16;160;Chalkida;x
334;75;121;202;Corfu;x
335;64;80;96;Zakynthos;x
336;96;208;32;Nafplio;x
337;224;81;32;Korinthos;x
338;192;208;96;Kalamata;x
339;97;229;126;Patras;x
340;160;208;160;Volos;x
341;128;208;96;Larissa;x
342;230;232;104;Trikala;x
343;1;208;224;Arta;x
344;128;80;224;Ioannina;x
345;144;224;160;Florina;x
346;1;208;96;Grevena;x
347;112;160;224;Salonika;x
348;210;97;158;Polygyros;x
349;112;32;32;Kavala;x
350;97;129;210;Xanthi;x
351;240;32;32;Alexandroupoli;x
352;80;96;32;Edessa;x
353;197;100;82;Chios;x
354;33;144;160;Mytilene;x
355;96;144;160;Kyklades;x
356;224;17;160;Dodekanisa;x
357;223;144;32;Chania;x
358;96;16;160;Irakleio;x
359;191;48;32;Leukosia;x
360;121;104;94;Lemesos;x
361;64;176;32;Ammochostos;x
362;48;112;192;Boffa;x
363;32;0;208;Timbo;x
364;108;143;114;Dinguiraye;x
365;129;64;160;Kankan;x
366;160;64;80;Beyla;x
367;176;192;160;Roma;x
368;176;64;160;Viterbo;x
369;48;64;160;Perugia;x
370;48;192;33;Ancona;x
371;128;208;32;Cagliari;x
372;48;160;64;Sassari;x
373;112;128;160;Firenze;x
374;106;118;98;Livorno;x
375;176;64;32;Siena;x
376;176;192;32;Grosetto;x
377;176;32;64;Napoli;x
378;64;144;160;Salerno;x
379;120;84;96;Potenza;x
380;14;139;204;Gaeta;x
381;192;16;32;Reggio di Calabria;x
382;192;80;224;Catanzaro;x
383;49;192;160;Abruzzo;x
384;48;32;159;Bari;x
385;112;64;32;Foggia;x
386;64;80;223;Brindisi;x
387;128;81;32;Messina;x
388;192;144;160;Palermo;x
389;0;208;32;Catania;x
390;176;1;160;Venezia;x
391;48;128;160;Verona;x
392;176;128;160;Padova;x
393;81;65;224;Treviso;x
394;85;72;102;Udine;x
395;208;128;224;Turin;x
396;17;64;224;Novara;x
397;17;192;97;Alessandria;x
398;144;192;96;Aosta;x
399;144;64;97;Genoa;x
400;84;114;138;Savona;x
401;208;64;96;Milan;x
402;134;122;144;Bergamo;x
403;80;192;96;Brescia;x
404;112;1;32;Parma;x
405;239;0;33;Modena;x
406;240;128;33;Massa;x
407;240;128;160;Lucca;x
408;112;0;160;Bologna;x
409;112;128;32;Ferrara;x
410;240;0;160;Ravenna;x
411;223;48;64;Rabat;x
412;250;226;187;Wazzan;x
413;160;240;64;Meknes;x
414;96;176;64;Fez;x
415;223;176;64;Ajdir;x
416;202;159;117;Melilla;x
417;32;176;192;Tangier;x
418;160;176;192;Tetouan;x
419;96;48;192;Taza;x
420;223;48;192;Wujda;x
421;160;239;192;Figuig;x
422;176;150;191;Rashidia;x
423;96;112;192;Warzazat;x
424;96;239;64;Sawira;x
425;223;112;64;Marrakesh;x
426;88;148;155;Casablanca;x
427;118;115;79;Safi;x
428;224;112;192;Huribka;x
429;158;88;46;Tarfaya;x
430;223;239;64;Agadir;x
431;96;48;128;Ifni;x
432;160;239;0;El Aaiun;x
433;126;90;99;al-Dahila;x
434;130;168;52;Bir Lehlu;x
435;1;128;97;Brussel;x
436;1;65;160;Brugge;x
437;128;65;160;Gent;x
438;128;0;96;Antwerpen;x
439;128;128;97;Hasselt;x
440;145;101;116;Namur;x
441;128;128;160;Tournai;x
442;176;160;192;Charleroi;x
443;239;32;64;Liege;x
444;72;111;106;Spa;x
445;208;1;160;Arlon;x
446;119;119;50;Amsterdam;x
447;128;192;160;Rotterdam;x
448;192;64;33;Utrecht;x
449;65;192;160;Gelderland;x
450;1;192;160;Zeeland;x
451;192;192;160;Eindhoven;x
452;76;72;148;Breda;x
453;0;0;223;Limburg;x
454;65;192;33;Friesland;x
455;192;192;33;Groningen;x
456;192;65;160;Overijssel;x
457;65;65;160;Drenthe;x
458;1;160;17;Cotonou;x
459;128;160;17;Abomey;x
460;1;33;144;Nikki;x
461;200;200;166;Jugu;x
462;65;223;144;Abuja;x
463;128;54;146;Zaria;x
464;16;144;224;Kano;x
465;81;208;32;Katsina;x
466;208;17;96;Hadejia;x
467;64;223;17;Bida;x
468;128;223;144;Ilorin;x
469;192;97;16;Bussa;x
470;3;132;169;Kebbi;x
471;133;133;67;Sokoto;x
472;1;224;17;Lagos;x
473;128;96;16;Abeokuta;x
474;64;96;16;Ibadan;x
475;1;160;144;Ife;x
476;1;96;144;Warri;x
477;1;160;80;Bonny;x
478;147;99;74;Awka;x
479;128;96;144;Calabar;x
480;128;160;144;Aruchukwu;x
481;64;96;144;Tukari;x
482;144;144;224;Bauchi;x
483;192;96;144;Jos;x
484;192;224;17;Gombe;x
485;144;17;224;Yola;x
486;235;252;181;Benin;x
487;207;17;160;Akure;x
488;179;219;230;Lokoja;x
489;192;224;144;Makurdi;x
490;208;17;32;Kuka;x
491;80;144;96;Nguru;x
492;207;208;33;Dikoa;x
493;192;240;160;Tehran;x
494;64;48;224;Qazvin;x
495;65;176;96;Qom;x
496;192;112;160;Semnan;x
497;96;80;160;Tabriz;x
498;160;16;223;Khvoy;x
499;128;176;160;Urumia;x
500;204;166;63;Mahabad;x
501;65;176;224;Zanjan;x
502;191;48;223;Ardabil;x
503;192;176;224;Gilan;x
504;128;112;223;Noshehr;x
505;64;239;160;Sari;x
506;64;112;160;Golestan;x
507;224;80;160;Kermanshah;x
508;128;240;96;Sanandaj;x
509;1;112;224;Ilam;x
510;94;75;130;Khoramabad;x
511;192;176;96;Hamadan;x
512;128;49;96;Isfahan;x
513;192;49;96;Arak;x
514;18;78;140;Kashan;x
515;192;112;32;Yazd;x
516;128;240;160;Shiraz;x
517;128;48;223;Dehkord;x
518;1;176;96;Yasuj;x
519;64;112;32;Sirjan;x
520;128;240;32;Kerman;x
521;202;204;73;Bam;x
522;1;240;160;Kangan;x
523;1;48;224;Bushire;x
524;128;176;96;Abadan;x
525;0;176;223;Ahvaz;x
526;128;176;224;Dezful;x
527;1;112;160;Bandar Abbas;x
528;128;112;160;Lengeh;x
529;1;240;32;Jask;x
530;65;49;160;Chabahar;x
531;179;62;34;Zahedan;x
532;192;240;224;Birjand;x
533;192;176;32;Mashhad;x
534;1;112;33;Bojnurd;x
535;128;112;32;Sabzevar;x
536;65;97;160;Warszawa;x
537;128;33;97;Plock;x
538;0;159;96;Lomza;x
539;81;160;224;Lublin;x
540;64;223;32;Siedlce;x
541;192;97;33;Bialystok;x
542;128;159;96;Suwalki;x
543;148;80;0;Tuchel;x
544;1;128;160;Deutsch Krone;x
545;65;160;33;Torun;x
546;33;65;160;Posen;x
547;192;33;33;Bromberg;x
548;65;224;160;Gniezno;x
549;87;126;228;Skierniewice;x
550;192;97;160;Lodz;x
551;96;0;223;Radom;x
552;208;160;224;Kielce;x
553;192;224;160;Kalisz;x
554;1;224;224;Kiev;x
555;240;224;33;Vinnitsa;x
556;17;33;160;Korosten;x
557;240;97;160;Zhitomir;x
558;114;98;145;Cherkassy;x
559;224;128;97;Chernigov;x
560;113;65;224;Poltava;x
561;113;97;224;Luhansk;x
562;113;224;97;Ekaterinoslav;x
563;240;97;97;Melitopol;x
564;113;224;224;Kramatorsk;x
565;112;32;223;Yuzovka;x
566;240;224;97;Mariupol;x
567;240;97;224;Kharkov;x
568;239;96;32;Cherson;x
569;113;97;33;Odessa;x
570;113;224;33;Pervomaisk;x
571;176;33;97;Nikolaev;x
572;240;224;160;Krivoy Rog;x
573;113;97;160;Proskorov;x
574;113;224;160;Rovne;x
575;224;1;224;Kovel;x
576;1;97;224;Minsk;x
577;128;224;97;Slutsk;x
578;128;223;223;Mozyr;x
579;64;96;32;Grodno;x
580;191;223;32;Brest-Litovsk;x
581;224;97;118;Baranovichi;x
582;65;97;97;Pinsk;x
583;128;224;160;Lida;x
584;128;97;97;Pastavy;x
585;1;224;97;Orsha;x
586;192;160;224;Vitebsk;x
587;1;97;97;Polotsk;x
588;65;160;224;Mogilev;x
589;128;97;224;Gomel;x
590;65;224;97;Vilnius;x
591;1;97;160;Kaunas;x
592;0;224;160;Marijampole;x
593;168;255;81;Panevezys;x
594;192;160;160;Siauliai;x
595;128;96;160;Palanga;x
596;17;160;33;Lvov;x
597;143;159;32;Stryi;x
598;176;33;160;Ternopil;x
599;126;221;158;Stanislavov;x
600;144;96;96;Krakow;x
601;17;97;224;Novy Sacz;x
602;144;224;96;Przemysl;x
603;144;97;224;Bielsko;x
604;17;224;97;Tarnow;x
605;176;176;192;Cape Verde;x
606;144;32;137;Fernando Po;x
607;208;160;128;Estremadura;x
608;208;32;0;Ribatejo;x
609;208;160;0;Minho;x
610;252;222;119;Douro Litoral;x
611;208;224;192;Tras-os-Montes;x
612;80;160;0;Beira Litoral;x
613;48;32;163;Beira Alta;x
614;131;117;230;Beira Baixa;x
615;235;169;53;Alto Alentejo;x
616;160;112;128;Baixo Alentejo;x
617;32;112;128;Algarve;x
618;56;87;25;Madeira;x
619;192;32;80;Sao Tome;x
620;176;224;32;Bucuresti;x
621;49;224;33;Braila;x
622;33;100;224;Calarasi;x
623;224;163;33;Tirgoviste;x
624;81;224;33;Craiova;x
625;224;33;33;Tirgu Jiu;x
626;176;97;33;Constanta;x
627;217;224;33;Tulcea;x
628;208;224;160;Cluj;x
629;208;224;33;Deva;x
630;208;97;160;Alba Iulia;x
631;48;96;96;Brasso;x
632;81;224;160;Nagyszeben;x
633;49;97;160;Targu Mures;x
634;175;96;159;Udvarhely;x
635;144;224;33;Temesvar;x
636;17;97;160;Resicabanya;x
637;81;97;160;Oradea;x
638;144;33;160;Satu Mare;x
639;176;97;97;Bistrita;x
640;113;33;97;Chisinau;x
641;138;202;155;Balti;x
642;176;224;160;Budjak;x
643;176;160;224;Iasi;x
644;239;32;96;Botosani;x
645;48;224;160;Bacau;x
646;244;0;69;Galati;x
647;0;167;244;Suceava;x
648;49;160;160;Czernowitz;x
649;128;80;0;Yerevan;x
650;0;80;0;Gyumri;x
651;48;223;96;Kapan;x
652;49;97;224;Nakhchivan;x
653;0;143;191;Baku;x
654;128;208;65;Ganja;x
655;128;144;64;Agdam;x
656;128;144;191;Sheki;x
657;0;112;96;Lankaran;x
658;191;209;89;Siyazen;x
659;155;198;155;Kartli;x
660;34;135;34;Mukhrani;x
661;240;224;223;Kakheti;x
662;68;176;30;South Ossetia;x
663;192;207;128;Samtskhe-Javakheti;x
664;128;16;0;Imereti;x
665;1;17;65;Samegrelo;x
666;64;208;1;Abkhazia;x
667;128;144;1;Adjara-Guria;x
668;70;86;220;Astana;x
669;132;177;194;Turgay;x
670;69;223;220;Kokshetau;x
671;174;180;67;Aktash;x
672;192;144;192;Atyrau;x
673;192;81;65;Aqtobe;x
674;191;16;191;Mangystau;x
675;90;174;66;Uralsk;x
676;4;78;135;Aralsk;x
677;34;155;0;Almaty;x
678;173;155;1;Semipalatinsk;x
679;160;150;149;Qaratal;x
680;46;81;8;Zhambyl;x
681;208;224;73;Shymkent;x
682;0;224;220;Kyzylorda;x
683;69;224;73;Yasi;x
684;224;160;33;Moskva;x
685;160;32;160;Tula;x
686;33;33;160;Ryazan;x
687;97;33;160;Vladimir;x
688;223;32;160;Ivanovo;x
689;108;110;122;Petrozavorsk;x
690;160;192;128;Kostomushka;x
691;224;64;0;Povyents;x
692;32;128;1;Viipuri;x
693;51;9;23;Kola;x
694;160;64;0;Petsamo;x
695;33;192;128;Kandalaksha;x
696;177;238;116;Tver;x
697;224;32;32;Yaroslavl;x
698;64;32;223;Belozersk;x
699;160;128;0;Vyterga;x
700;96;65;128;Vologda;x
701;1;160;224;St Petersburg;x
702;128;160;224;Luga;x
703;143;121;233;Gdov;x
704;0;32;224;Pskov;x
705;192;223;96;Smolensk;x
706;160;160;33;Rzhev;x
707;223;191;96;Staritsa;x
708;192;160;96;Velikiye Luki;x
709;131;84;82;Archangel;x
710;93;12;151;Onega;x
711;128;81;128;Rostov;x
712;0;208;128;Azov;x
713;192;81;128;Chirskaya;x
714;1;80;128;Migolinskaya;x
715;192;224;224;Kursk;x
716;33;160;160;Orel;x
717;64;223;223;Belgorod;x
718;160;160;160;Voronets;x
719;223;64;128;Kotlas;x
720;32;128;64;Ust Sysolsk;x
721;96;192;128;Galich;x
722;224;192;128;Uglich;x
723;192;192;64;Kostorma;x
724;84;48;21;Muzhi;x
725;223;96;160;Berezov;x
726;35;0;220;Ekaterinburg;x
727;96;223;160;Tyumen;x
728;65;16;192;Chelyabinsk;x
729;128;32;223;Novgorod;x
730;160;0;0;Tikhvin;x
731;64;160;96;Borovichi;x
732;233;198;113;Stara Ladoga;x
733;141;100;98;Borodino;x
734;160;33;32;Kaluga;x
735;32;160;32;Vyazma;x
736;192;32;224;Peremyshl;x
737;188;4;65;Bryansk;x
738;96;160;160;Nizhni Novgorod;x
739;160;128;160;Vetluga;x
740;160;0;192;Vyatkha;x
741;223;160;160;Qazan;x
742;160;96;32;Cistay;x
743;33;223;33;Simbirsk;x
744;168;78;97;Mulda;x
745;160;128;64;Perm;x
746;32;128;192;Glasov;x
747;32;96;32;Sarapul;x
748;10;120;195;Usogorsk;x
749;96;223;33;Saratov;x
750;65;144;192;Novo Uzensk;x
751;97;97;160;Tambov;x
752;97;96;32;Penza;x
753;128;16;64;Kalmykia;x
754;1;80;64;Astrakhan;x
755;128;81;64;Zarevka;x
756;224;96;32;Tsaritsyn;x
757;128;208;128;Ekaterinodar;x
758;64;80;0;Novorossiysk;x
759;192;208;1;Stavropol;x
760;192;80;1;Adygei;x
761;64;80;128;Pyatigorsk;x
762;192;16;64;Derbent;x
763;192;144;65;Gunib;x
764;65;208;128;Vladikavkaz;x
765;1;144;65;Chechnya;x
766;1;208;65;Kizylyar;x
767;223;224;160;Orsk;x
768;33;223;160;Orenburg;x
769;160;96;160;Ufa;x
770;191;112;96;Samara;x
771;160;223;160;Busuluk;x
772;160;224;33;Syzran;x
773;35;36;110;Omsk;x
774;0;42;20;Bakchar;x
775;126;51;149;Ishim;x
776;104;1;74;Tobolsk;x
777;224;1;65;Bryanka;x
778;42;84;98;Vorgovo;x
779;42;153;153;Ases Igan;x
780;126;36;19;Kikkiakki;x
781;84;87;226;Kostino;x
782;135;15;24;Shoyna;x
783;207;181;75;Mezen;x
784;160;0;64;Naryn Mar;x
785;133;33;4;Izhma;x
786;126;75;224;Inta;x
787;168;54;22;Amderma;x
788;35;18;146;Kyzyl;x
789;35;34;255;Krasnoyarsk;x
790;126;76;76;Ulala;x
791;35;172;111;Barnaul;x
792;173;34;110;Tomsk;x
793;42;3;78;Slavgorod;x
794;160;127;191;Nizhnevartovsk;x
795;6;183;195;Nyda;x
796;48;186;68;Mordiyakha;x
797;0;150;25;Napalkovo;x
798;168;39;147;Aksarka;x
799;42;45;148;Yar Sale;x
800;0;81;225;Verkhniy Ufaley;x
801;168;39;147;Aksarka_2;x
802;132;192;69;Sidorovsk;x
803;126;144;24;Svetlogorsk;x
804;168;147;152;Kheta;x
805;84;33;146;Dudinka;x
806;168;93;227;Kotuj;x
807;191;175;160;Ahal;x
808;1;17;192;Dasoguz;x
809;128;17;192;Balkan;x
810;192;112;96;Merv;x
811;176;144;32;Dushanbe;x
812;66;176;32;Badakhshon;x
813;34;76;183;Sughd;x
814;176;223;223;Sevastopol;x
815;49;224;224;Simferopol;x
816;112;96;96;Kerch;x
817;192;208;64;Tashkent;x
818;138;224;220;Khiva;x
819;65;80;64;Nukus;x
820;138;86;220;Bukhara;x
821;208;86;220;Samarkand;x
822;32;176;33;Qarshi;x
823;89;155;157;Bishkek;x
824;44;81;151;Naryn;x
825;173;52;37;Kokand;x
826;90;44;151;Osh;x
827;176;208;160;Riyadh;x
828;70;134;38;Hufuf;x
829;176;17;96;Sharurah;x
830;9;6;150;Al-Ahsa;x
831;112;17;96;Halaban;x
832;48;144;160;Mecca;x
833;187;52;25;Jidda;x
834;97;207;160;Medina;x
835;119;129;55;Tabuk;x
836;176;144;160;Abha;x
837;128;49;33;Kaf;x
838;0;176;33;Rafha;x
839;176;17;160;Hail;x
840;112;81;32;Qatif;x
841;128;192;224;Sjaelland;x
842;116;112;139;Fyn;x
843;144;0;224;Bornholm;x
844;139;119;144;Foroyar;x
845;0;191;223;Aalborg;x
846;128;65;224;Aarhus;x
847;148;70;143;Ribe;x
848;0;64;223;Esbjerg;x
849;224;192;224;Helsinki;x
850;74;100;99;Kotka;x
851;97;192;224;Haemeenlinna;x
852;64;192;64;Mikkeli;x
853;224;65;224;Turku;x
854;33;65;128;Vaasa;x
855;121;211;121;Tampere;x
856;224;65;97;Aland;x
857;101;124;82;Oulu;x
858;160;192;0;Kajaani;x
859;224;128;128;Tornio;x
860;160;65;128;Kuopio;x
861;128;64;64;Iceland;x
862;192;65;224;Oslo;x
863;149;161;84;Fredrikstad;x
864;32;128;160;Hamar;x
865;96;0;160;Lillehammer;x
866;64;64;192;Alesund;x
867;192;64;192;Trondheim;x
868;192;192;192;Bodo;x
869;97;128;128;Hammerfest;x
870;49;150;138;Jan Mayen;x
871;224;128;32;Bergen;x
872;96;1;32;Skien;x
873;251;103;124;Kristiansand;x
874;96;128;32;Drammen;x
875;96;64;96;Stockholm;x
876;196;128;165;Uppsala;x
877;160;1;160;Falun;x
878;1;1;160;Vaesteras;x
879;192;192;224;Oestergoetland;x
880;248;228;0;Oerebro;x
881;160;128;33;Karlstad;x
882;224;128;1;Sundsvall;x
883;97;192;97;Gaevle;x
884;65;192;192;Oestersund;x
885;97;1;128;Umea;x
886;223;0;128;Lulea;x
887;65;192;224;Goeteborg;x
888;160;1;32;Vaestergoetland;x
889;64;64;223;Kalmar;x
890;33;192;224;Gotland;x
891;65;192;97;Vaexjoe;x
892;192;65;97;Skane;x
893;192;192;97;Blekinge;x
894;48;32;128;Madrid;x
895;176;160;128;Siguenza;x
896;176;160;0;Toledo;x
897;176;32;128;Cuenca;x
898;128;16;160;Ciudad Real;x
899;160;48;64;Albacete;x
900;80;96;192;Asturias;x
901;32;239;1;Canarias;x
902;240;160;0;Cantabria;x
903;208;96;192;Leon;x
904;112;160;0;Burgos;x
905;80;224;192;Valladolid;x
906;240;32;0;Soria;x
907;176;32;0;Salamanca;x
908;112;32;0;Avila;x
909;0;144;32;Badajoz;x
910;80;96;0;Almendralejo;x
911;48;160;0;Caceres;x
912;208;224;64;A Coruna;x
913;80;224;64;Vigo;x
914;98;104;120;Murcia;x
915;113;21;139;Cartagena;x
916;32;239;1;Islas Canarias;x
917;112;32;128;Bilbao;x
918;16;224;192;Pamplona;x
919;158;201;184;La Rioja;x
920;128;16;32;Sevilla;x
921;128;144;32;Cordoba;x
922;78;84;100;Cadiz;x
923;188;110;211;Gibraltar;x
924;208;96;0;Huelva;x
925;160;176;64;Granada;x
926;32;48;192;Malaga;x
927;32;176;64;Almeria;x
928;0;16;160;Jaen;x
929;224;192;32;Barcelona;x
930;17;224;65;Girona;x
931;144;96;64;Lleida;x
932;177;233;121;Tarragona;x
933;96;240;128;Islas Baleares;x
934;143;223;128;Valencia;x
935;208;96;64;Castellon;x
936;223;239;128;Alicante;x
937;80;96;64;Zaragoza;x
938;144;96;192;Huesca;x
939;48;160;128;Teruel;x
940;126;6;0;Khartoum;x
941;6;0;126;Kassala;x
942;223;222;155;Wad Madani;x
943;32;106;45;Sennar;x
944;106;84;32;Rabak;x
945;240;144;33;Halaib;x
946;112;17;160;Hayya;x
947;0;126;0;Suakin;x
948;208;144;96;Dongola;x
949;240;17;160;Atbara;x
950;177;165;165;Salima;x
951;208;80;96;Nuhud;x
952;160;184;0;Obeid;x
953;128;96;208;Kaduqli;x
954;80;81;96;Junaynah;x
955;17;208;96;Fasher;x
956;224;160;144;Fashoda;x
957;1;224;208;Waw;x
958;64;160;80;Bor;x
959;128;96;80;Yambio;x
960;160;33;17;Lado;x
961;92;0;126;Kapoeta;x
962;224;17;224;Damascus;x
963;230;89;230;Golan Heights;x
964;135;5;135;Daraa;x
965;0;48;160;Homs;x
966;128;176;32;Al-Suwayda;x
967;122;22;121;Aleppo;x
968;224;144;96;Hama;x
969;97;144;96;Latakia;x
970;210;45;209;Idlib;x
971;11;190;7;Tartus;x
972;220;242;35;Deir ez-Zor;x
973;193;209;63;Al-Hasakah;x
974;115;126;26;Al-Raqqah;x
975;199;236;203;Beirut;x
976;177;109;103;Mount Libanon;x
977;160;80;224;Sidon;x
978;236;202;199;Beqaa;x
979;96;16;224;Tarabulus;x
980;212;181;255;Lome;x
981;119;128;17;Ho;x
982;214;215;132;Yendi;x
983;64;109;155;Atakpame;x
984;141;10;90;Sokode;x
985;128;208;160;Tunis;x
986;152;140;8;Bizerte;x
987;123;152;66;Gafsa;x
988;192;80;32;Kairouan;x
989;191;208;33;Tozeur;x
990;64;208;33;Gabes;x
991;240;160;32;Constantinople;x
992;112;160;32;Edirne;x
993;240;32;130;Kirklareli;x
994;32;115;240;Gallipoli;x
995;48;160;96;Ueskuedar;x
996;48;32;224;Bursa;x
997;176;160;96;Izmit;x
998;164;237;92;Afyon;x
999;86;8;122;Kuetahya;x
1000;48;160;224;Eskishehir;x
1001;32;80;32;Izmir;x
1002;128;144;0;Balikesir;x
1003;176;32;224;Canakkale;x
1004;160;144;160;Manisa;x
1005;224;144;160;Mugla;x
1006;96;16;32;Denizli;x
1007;235;152;243;Konya;x
1008;64;16;96;Burdur;x
1009;224;16;32;Antalya;x
1010;160;144;96;Mersin;x
1011;64;144;0;Ankara;x
1012;120;88;73;Amasya;x
1013;192;144;0;Kayseri;x
1014;33;17;224;Adana;x
1015;176;224;96;Marash;x
1016;204;189;25;Antep;x
1017;224;17;96;Antioch;x
1018;240;64;224;Bolu;x
1019;192;16;0;Kastamonu;x
1020;128;144;128;Sinop;x
1021;0;144;128;Giresun;x
1022;64;16;128;Sivas;x
1023;192;16;128;Erzincan;x
1024;0;16;128;Trabzon;x
1025;128;16;128;Erzurum;x
1026;192;144;128;Kars;x
1027;0;144;0;Ardahan;x
1028;128;144;1;Batum;x
1029;0;208;0;Van;x
1030;64;144;128;Bitlis;x
1031;195;60;15;Hakkari;x
1032;160;144;224;Diyarbakir;x
1033;102;83;128;Urfa;x
1034;201;207;36;Malatya;x
1035;16;160;96;Beograd;x
1036;144;97;160;Bor_2;x
1037;144;160;97;Kragujevac;x
1038;237;186;32;Uzice;x
1039;208;33;224;Nis;x
1040;157;255;175;Novi Pazar;x
1041;98;167;48;Leskovac;x
1042;17;224;33;Novi Sad;x
1043;144;33;97;Mitrovica;x
1044;98;105;152;Pancevo;x
1045;208;33;97;Prishtine;x
1046;165;211;169;Prizren;x
1047;17;224;160;Skopje;x
1048;224;17;139;Bitola;x
1049;81;160;160;Sarajevo;x
1050;240;97;1;Bihac;x
1051;80;32;159;Banja Luka;x
1052;208;160;160;Tuzla;x
1053;17;33;224;Foca;x
1054;208;33;160;Livno;x
1055;144;33;224;Hercegovina;x
1056;113;160;65;Zagreb;x
1057;112;223;0;Sisak;x
1058;240;33;192;Karlovac;x
1059;113;160;192;Senj;x
1060;18;77;115;Varazdin;x
1061;240;160;64;Fiume;x
1062;176;97;192;Pola;x
1063;81;160;33;Bjelovar;x
1064;16;96;32;Pozega;x
1065;144;97;33;Osijek;x
1066;128;207;0;Vukovar;x
1067;208;160;33;Split;x
1068;239;160;192;Zadar;x
1069;17;160;224;Dubrovnik;x
1070;68;110;132;Ulcinj;x
1071;245;246;194;Niksic;x
1072;161;47;130;Pljevlja;x
1073;144;160;224;Kotor;x
1074;140;98;146;Cetinje;x
1075;176;224;64;Ljubljana;x
1076;49;224;65;Stajerska;x
1077;48;96;191;Postojna;x
1078;144;0;33;Trieste;x
1079;16;128;33;Gorizia;x
1080;33;48;160;Kabul;x
1081;160;176;32;Ghazni;x
1082;64;240;89;Jalalabad;x
1083;160;48;160;Faizabad;x
1084;192;239;96;Farrah;x
1085;64;240;224;Kandahar;x
1086;240;64;122;Bamyan;x
1087;64;240;96;Herat;x
1088;96;176;160;Balkh;x
1089;208;160;97;Tirana;x
1090;81;160;97;Shkoder;x
1091;199;113;224;Durres;x
1092;113;192;224;Vlore;x
1093;123;224;113;Gjirokaster;x
1094;208;97;33;Sofia;x
1095;240;160;224;Pernik;x
1096;240;33;160;Plovdiv;x
1097;110;113;146;Stara Zagora;x
1098;113;33;160;Burgas;x
1099;205;210;55;Vidin;x
1100;162;156;133;Flevoland;x
1101;113;160;160;Pleven;x
1102;232;213;156;Ruse;x
1103;240;160;160;Varna;x
1104;49;96;33;Dobrudzha;x
1105;128;33;144;Wogodogo;x
1106;17;144;160;Wahiguya;x
1107;144;17;160;Dori;x
1108;219;138;158;Fada Ngourma;x
1109;96;64;208;Bobo Dioulasso;x
1110;229;145;216;Orodaro;x
1111;128;159;80;Douala;x
1112;52;32;128;Buea;x
1113;208;196;213;Kribi;x
1114;1;33;208;Yaounde;x
1115;128;33;208;Bertoua;x
1116;144;32;137;Fernando Po_2;x
1117;91;128;32;Bafoussam;x
1118;128;32;80;Bamenda;x
1119;255;212;63;Ngaoundere;x
1120;86;106;137;Maroua;x
1121;192;32;16;Bangui;x
1122;1;160;208;Nola;x
1123;192;160;208;Bouar;x
1124;64;160;208;Bossangoa;x
1125;64;96;81;Zemio;x
1126;33;167;144;Bangassou;x
1127;64;33;208;Ndele;x
1128;128;160;208;Massenya;x
1129;208;144;160;Moundou;x
1130;80;144;160;Bongor;x
1131;144;81;96;Am Timan;x
1132;192;160;80;Mongo;x
1133;94;144;107;Abeche;x
1134;208;144;33;Mao;x
1135;80;144;224;Faya;x
1136;208;17;223;Zouar;x
1137;192;144;96;Cairo;x
1138;80;17;224;Giza;x
1139;208;80;224;Tanta;x
1140;160;208;32;Alexandria;x
1141;176;17;33;Farafra;x
1142;208;208;224;Baris;x
1143;108;88;144;Mut;x
1144;176;80;32;Aswan;x
1145;80;208;96;Asyut;x
1146;240;17;33;Suhaj;x
1147;17;208;224;Minya;x
1148;144;143;32;Ras Gharib;x
1149;160;80;160;Fayyum;x
1150;80;80;224;Bani Suwayf;x
1151;112;144;32;Marsa Alam;x
1152;77;32;144;Idfu;x
1153;144;103;32;Qusayr;x
1154;68;112;45;Qina;x
1155;208;208;96;Luxor;x
1156;160;80;32;Sidi Barrani;x
1157;224;208;33;Siwa;x
1158;32;207;32;Matruh;x
1159;32;208;160;Bawiti;x
1160;32;80;160;Dumyat;x
1161;80;208;224;Mansura;x
1162;64;144;96;Ziqaziq;x
1163;70;75;138;Al Arish;x
1164;96;80;224;Sharm al-Shaykh;x
1165;192;16;96;Suez;x
1166;188;255;181;Dakar;x
1167;123;66;24;Diourbel;x
1168;112;176;192;Mboul;x
1169;239;48;192;Saint-Louis;x
1170;31;24;123;Linguere;x
1171;38;123;24;Podor;x
1172;239;175;192;Matam;x
1173;101;108;100;Kaolack;x
1174;48;112;65;Bakel;x
1175;48;239;64;Ziguinchor;x
1176;176;239;64;Velingara;x
1177;48;176;64;Bissau;x
1178;90;98;125;Gabu;x
1179;176;112;64;Banjul;x
1180;32;80;96;Bagdad;x
1181;96;144;224;Ar Rutba;x
1182;160;80;96;Samarra;x
1183;32;208;96;Karbala;x
1184;160;208;96;Najaf;x
1185;0;240;96;Kuwait;x
1186;128;112;96;al-Basra;x
1187;32;80;224;Nasiriyya;x
1188;29;127;94;Kut;x
1189;0;176;160;al-Mawsil;x
1190;32;144;224;Arbil;x
1191;146;112;46;Karkuk;x
1192;224;144;224;Mendeli;x
1193;103;61;104;Jerusalem;x
1194;185;68;188;Tel Aviv;x
1195;96;80;96;Haifa;x
1196;224;208;96;Beersheba;x
1197;54;94;143;Galilee;x
1198;96;208;96;Gaza;x
1199;201;203;192;Ramallah;x
1200;224;80;96;Hebron;x
1201;32;191;207;Grand Lahou;x
1202;160;191;207;Grand Bassam;x
1203;118;99;109;Akoupe;x
1204;96;192;80;Kong;x
1205;224;192;80;Bondouku;x
1206;160;191;80;Sassandra;x
1207;224;64;80;Bouake;x
1208;32;64;208;Man;x
1209;159;64;208;Odienne;x
1210;96;208;224;Amman;x
1211;224;208;224;Zarqa;x
1212;80;163;135;Ma'an;x
1213;224;80;224;Aqaba;x
1214;194;180;131;Irbid;x
1215;189;188;107;Ashkelon;x
1216;53;103;119;Marsabit;x
1217;255;224;0;Argyll;x
1218;160;160;17;Wajir;x
1219;33;224;128;Devon;x
1220;32;159;16;Lodwar;x
1221;132;132;25;Durham;x
1222;149;0;168;Herefordshire;x
1223;223;128;80;Monrovia;x
1224;77;80;32;Harper;x
1225;85;101;125;Bopolu;x
1226;161;126;185;Gbarnga;x
1227;114;135;146;Zwedru;x
1228;192;80;160;Tripoli;x
1229;17;208;160;Ghat;x
1230;1;144;224;Murzuk;x
1231;128;16;96;Fezzan;x
1232;233;180;87;Ghadamis;x
1233;128;16;224;Gharyan;x
1234;144;208;96;Kufra;x
1235;177;3;22;Matan as Sarah;x
1236;160;144;32;Jaghbub;x
1237;230;232;76;Waddan;x
1238;32;144;32;Tobruk;x
1239;160;16;32;Darna;x
1240;64;208;224;Benghazi;x
1241;192;208;160;Sirt;x
1242;64;207;160;Misratah;x
1243;113;105;224;Bamako;x
1244;9;102;110;Kayes;x
1245;112;112;191;Nioro;x
1246;144;17;33;Kita;x
1247;239;176;64;Mourdiah;x
1248;144;144;160;Bougouni;x
1249;16;144;32;Sikasso;x
1250;240;239;191;Segu;x
1251;112;175;64;Jenne;x
1252;160;131;17;Bandiagara;x
1253;240;112;192;Timbuktu;x
1254;113;240;65;Gao;x
1255;240;113;65;Taoudenni;x
1256;209;240;65;Tessalit;x
1257;48;171;193;Araouane;x
1258;1;81;33;Malta;x
1259;112;48;192;Nouakchott;x
1260;176;112;192;Rosso;x
1261;176;48;64;Aleg;x
1262;240;240;65;Maghama;x
1263;239;48;64;Shingit;x
1264;112;112;64;Tichit;x
1265;223;239;192;Walata;x
1266;72;130;180;Bir Murghayn;x
1267;80;81;160;Niamey;x
1268;17;144;96;Say;x
1269;207;80;160;Dosso;x
1270;80;208;159;Maradi;x
1271;174;174;217;Zinder;x
1272;17;16;224;Kufe;x
1273;208;208;160;Agades;x
1274;143;80;223;Arlit;x
1275;17;81;223;Madama;x
1276;208;144;224;Bilma;x
1277;112;81;159;Masqat;x
1278;239;208;160;Sohar;x
1279;193;189;82;Nizwa;x
1280;239;80;160;Sur;x
1281;112;208;160;Duqm;x
1282;86;39;160;Salalah;x
1283;112;80;96;Karachi;x
1284;96;176;33;Sukkur;x
1285;49;81;96;Umarkot;x
1286;192;112;224;Kalat;x
1287;64;112;224;Dalbandin;x
1288;223;48;160;Quetta;x
1289;64;112;96;Bela;x
1290;32;176;160;Peshawar;x
1291;185;67;175;Chitral;x
1292;33;112;33;Srinagar;x
1293;67;185;159;Gilgit;x
1294;33;240;32;Leh;x
1295;128;240;224;Lahore;x
1296;224;49;33;Multan;x
1297;185;67;89;Sialkot;x
1298;112;105;64;Bahawalpur;x
1299;160;176;160;Attock;x
1300;143;84;64;Shahpur;x
1301;80;128;96;Bern;x
1302;144;128;224;Basel;x
1303;208;128;96;Geneve;x
1304;17;127;224;Neuchatel;x
1305;144;65;224;Sitten;x
1306;126;75;134;Zuerich;x
1307;208;1;97;Luzern;x
1308;144;192;224;Graubuenden;x
1309;17;192;224;Ticino;x
1310;96;128;80;Freetown;x
1311;143;149;140;Falaba;x
1312;136;62;133;Bo;x
1313;223;97;17;Muqdisho;x
1314;33;32;144;Baydhabo;x
1315;191;224;80;Kismaayo;x
1316;96;96;17;Hobyaa;x
1317;160;224;144;Boosaaso;x
1318;32;224;144;Hargeysa;x
1319;198;165;203;Saylac;x
1320;112;208;32;Abu Dhabi;x
1321;240;208;33;Dubai;x
1322;80;90;224;Bahrain;x
1323;239;80;32;Qatar;x
1324;224;160;16;Entebbe;x
1325;32;156;94;Dorset;x
1326;160;156;48;Masindi;x
1327;32;96;96;Kitgum;x
1328;145;48;160;Jinja;x
1329;48;143;223;Mukalla;x
1330;176;16;223;Ghayda;x
1331;176;144;224;Bayda;x
1332;229;223;59;Sana;x
1333;49;65;144;Hodeida;x
1334;176;143;96;Taizz;x
1335;49;144;96;Aden;x
1336;48;16;224;Socotra;x
1337;190;0;32;Suffolk;x
1338;224;239;160;Delhi;x
1339;224;112;32;Panipat;x
1340;73;51;127;Dehra Dun;x
1341;176;80;223;Meerut;x
1342;97;240;160;Agra;x
1343;97;112;160;Cawnpore;x
1344;17;112;33;Allahabad;x
1345;208;176;160;Benares;x
1346;160;49;96;Gorakhpur;x
1347;224;112;160;Lucknow;x
1348;51;127;108;Fyzabad;x
1349;33;176;96;Patna;x
1350;80;176;160;Gaya;x
1351;17;240;32;Kharswari;x
1352;224;176;160;Bhagalpur;x
1353;226;233;43;Darjeeling;x
1354;160;48;224;Gauhati;x
1355;176;49;33;Imphal;x
1356;96;48;223;Dibrugarh;x
1357;217;148;14;Agartala;x
1358;208;49;160;Cuttack;x
1359;160;168;224;Keunjahr;x
1360;80;49;160;Sambalpur;x
1361;224;240;33;Ajmer;x
1362;96;49;160;Jaisalmer;x
1363;224;176;32;Jodhpur;x
1364;1;240;224;Bikaner;x
1365;97;240;33;Jaipur;x
1366;240;81;223;Udaipur;x
1367;144;48;32;Jubbulpore;x
1368;16;176;33;Hoshangabad;x
1369;52;106;80;Gwalior;x
1370;112;208;224;Indore;x
1371;239;208;223;Bhopal;x
1372;144;112;33;Chhatarpur;x
1373;208;176;33;Rewa;x
1374;176;208;96;Ahmedabad;x
1375;49;208;224;Surat;x
1376;49;81;224;Patan;x
1377;240;17;96;Baroda;x
1378;48;208;96;Rajkot;x
1379;176;80;96;Mandvi;x
1380;176;208;224;Bombay;x
1381;144;176;33;Nasik;x
1382;144;49;160;Poona;x
1383;17;176;160;Bijapur;x
1384;17;49;160;Kolhapur;x
1385;208;112;160;Belgaum;x
1386;81;240;160;Goa;x
1387;16;176;96;Madras;x
1388;160;32;80;Tanjore;x
1389;160;33;208;Madurai;x
1390;32;160;80;Coimbatore;x
1391;171;173;177;Pondicherry;x
1392;144;112;160;Visakhapatnam;x
1393;17;240;160;Masulipatnam;x
1394;207;240;32;Nellore;x
1395;81;112;160;Kurnool;x
1396;160;160;80;Calicut;x
1397;33;33;208;Cochin;x
1398;33;160;208;Trivandrum;x
1399;208;112;32;Hyderabad;x
1400;144;176;160;Aurangabad;x
1401;80;112;32;Nizamabad;x
1402;80;240;32;Gulbarga;x
1403;144;240;160;Warangal;x
1404;116;86;71;Amarati;x
1405;42;96;179;Mysore;x
1406;144;48;96;Bangalore;x
1407;208;240;160;Mangalore;x
1408;105;96;73;Chitaldroog;x
1409;208;49;32;Nagpur;x
1410;144;240;32;Raipur;x
1411;81;176;33;Bilaspur;x
1412;17;112;160;Jagdalpur;x
1413;102;51;127;Raigarh;x
1414;208;176;223;Calcutta;x
1415;239;80;96;Bardwan;x
1416;176;48;160;Andaman Islands;x
1417;160;112;32;Amritsar;x
1418;160;240;160;Firozpur;x
1419;96;112;32;Simla;x
1420;224;176;224;Sikkim;x
1421;149;170;163;Maldives;x
1422;160;160;208;Colombo;x
1423;223;32;80;Jaffna;x
1424;205;208;160;Kandy;x
1425;96;32;80;Trincomalee;x
1426;207;62;225;Worcestershire;x
1427;17;112;96;Dacca;x
1428;111;17;112;Jessore;x
1429;144;112;96;Chittagong;x
1430;48;176;160;Rajshahi;x
1431;96;80;33;Jumla;x
1432;33;48;96;Katmandu;x
1433;96;176;223;Thimpu;x
1434;142;80;37;Karachay-Cherkessia;x
1435;43;33;240;Transnistria;x
1436;46;205;38;Molise;x
1437;126;5;74;Kiruna;x
1438;5;200;200;Gulf of Finland;x
1439;6;200;250;Western Baltic Sea;x
1440;7;220;250;Gulf of Riga;x
1441;8;250;250;Southern Baltic Sea;x
1442;9;200;200;Oeresund;x
1443;10;200;250;Kattegat;x
1444;11;220;250;Peipsi Jaerv;x
1445;12;250;250;Ladoga;x
1446;13;200;200;Onega;x
1447;14;200;250;White Sea;x
1448;15;220;250;Lofoten Sea;x
1449;16;250;250;Northern Norwegian Sea;x
1450;17;200;200;Southern Norwegian Sea;x
1451;18;200;250;Skagerrack;x
1452;19;220;250;Helgoland Bight;x
1453;20;250;250;Coast of Holland;x
1454;21;200;200;Dogger Bank;x
1455;22;200;250;Straits of Dover;x
1456;23;220;250;The Channel;x
1457;24;250;250;Lands End;x
1458;25;200;200;Coast of Britanny;x
1459;26;200;250;Quiberon Bay;x
1460;27;220;250;Cote D'Argent;x
1461;28;250;250;Bay of Biscay;x
1462;29;200;200;Cantabrian Sea;x
1463;30;200;250;Tyne;x
1464;31;220;250;Firth of Forth;x
1465;32;250;250;The North Sea;x
1466;33;200;200;Moray Firth;x
1467;34;200;250;North Channel;x
1468;35;220;250;Irish Sea;x
1469;36;250;250;St. George's Channel;x
1470;37;200;200;Donegal Bay;x
1471;38;200;250;Dingle Bay;x
1472;39;220;250;Celtic Sea;x
1473;40;250;250;Western Approaches;x
1474;41;200;200;Finisterre Bay;x
1475;42;200;250;Lusitanian Sea;x
1476;43;220;250;Gulf of Cadiz;x
1477;44;250;250;Straits of Gibraltar;x
1478;45;200;200;Gulf of Almeira;x
1479;46;200;250;Gulf of Valencia;x
1480;47;220;250;Gulf of Lion;x
1481;48;250;250;Cote D'Azur;x
1482;49;200;200;Ligurian Sea;x
1483;50;200;250;Gulf of Mallocra;x
1484;51;220;250;Western Mediterranean;x
1485;52;250;250;Barbary Coast;x
1486;53;200;200;Cape Bon;x
1487;54;200;250;Tyrrhenian Sea;x
1488;55;220;250;Bay of Naples;x
1489;56;250;250;Gulf of Gabes;x
1490;57;200;200;Malta Channel;x
1491;58;200;250;Straits of Messina;x
1492;59;220;250;Gulf of Venice;x
1493;60;250;250;Adriatic Sea;x
1494;61;200;200;Straits of Otranto;x
1495;62;200;250;Gulf of Taranto;x
1496;63;220;250;Ionian Sea;x
1497;64;250;250;Gulf of Sirte;x
1498;65;200;200;Gulf of Tobruk;x
1499;66;200;250;Bay of Alexandrian;x
1500;67;220;250;Palestinian Coast;x
1501;68;250;250;Gulf of Cyprus;x
1502;69;200;200;Sea of Crete;x
1503;70;200;250;Aegean Sea;x
1504;71;220;250;Sea of Marmara;x
1505;72;250;250;Gulf of Varna;x
1506;73;200;200;Gulf of Odessa;x
1507;74;200;250;Sea of Azov;x
1508;75;220;250;Eastern Black Sea;x
1509;76;250;250;Lake Balaton;x
1510;77;200;200;Caspian Sea;x
1511;78;200;250;Aral Sea;x
1512;79;220;250;Gulf of Suez;x
1513;80;250;250;Red Sea;x
1514;81;200;200;Straits of Obokk;x
1515;82;200;250;Bal el Mandeb;x
1516;83;220;250;Coast of Mascate;x
1517;84;250;250;Mascate Coast;x
1518;85;200;200;Straits of Hormuz;x
1519;86;200;250;Persian Gulf;x
1520;69;201;201;Horn of Africa;x
1521;70;201;251;Coast of Pepper;x
1522;74;201;251;Western Arabian Sea;x
1523;75;221;251;Eastern Arabian Sea;x
1524;76;251;251;The Seychelles;x
1525;88;251;251;Gulf of Nigeria;x
1526;89;201;201;Ivory Coast;x
1527;90;201;251;Gold Coast;x
1528;91;221;251;Coast of Gamvia;x
1529;92;251;251;Coast of Guinea;x
1530;93;201;201;Maueretanian Coast;x
1531;94;201;251;Canarian Sea;x
1532;95;221;251;Coast of Morocco;x
1533;96;251;251;Jan Mayen Sea;x
1534;97;201;201;Spitzberg Sea;x
1535;98;201;251;Icelandic Sea;x
1536;99;221;251;Shetland Straits;x
1537;100;251;251;Coast of Iceland;x
1538;101;201;201;Northeastern Atlantic;x
1539;102;201;251;Rockall;x
1540;103;221;251;Denmark Strait;x
1541;121;201;201;Northern Atlantic;x
1542;59;222;252;Hatton Bank;x
1543;61;202;202;Iberian Shelf;x
1544;62;202;252;Sea of Azores;x
1545;73;202;202;Canary Approach;x
1546;74;202;252;Cap Verde Approach;x
1547;75;222;252;Central Atlantic;x
1548;79;222;252;Romanche Gap;x
1549;91;222;252;Central Atlantic #2;x
1550;93;202;202;Central Atlantic #3;x
1551;15;223;253;Lake Tchad;x
1552;26;254;254;Lake Tana;x
1553;20;224;204;Lake Van;x
1554;21;254;204;Lake Urmia;x
1555;25;224;204;Lake Rudolf;x
1556;126;233;253;Northern Atlantic #2;x
1557;49;150;138;Jan Mayen;x
1558;57;129;42;Niort;x
1559;80;250;250;Red Sea #2;x
1560;81;200;200;Straits of Obokk #2;x
1561;82;200;250;Bal el Mandeb #2;x
1562;83;220;250;Coast of Mascate #2;x
1563;84;250;250;Mascate Coast #2;x
1564;85;200;200;Straits of Hormuz #2;x
1565;86;200;250;Persian Gulf #2;x
1566;87;220;250;Gulf of Indus;x
1567;88;250;250;Gulf of Gujarat;x
1568;89;200;200;Laquedive Islands;x
1569;90;200;250;Coast of Malabar;x
1570;91;220;250;Comorin Cape;x
1571;92;250;250;Coast of Caramandel;x
1572;93;200;200;Coast of Orissa;x
1573;94;200;250;Ganges Delta;x
1574;95;220;250;Akyab Bay;x
1575;97;200;200;Andaman Sea;x
1576;255;0;18;Reuss;x
1577;51;117;23;Altenburg;x
1578;111;222;252;Indian Ocean;x
1579;113;202;202;Indian Ocean #2;x
1580;106;202;252;Gulf of Bengal;x
1581;107;222;252;Northen Bay of Bengal;x
1582;108;252;252;Southern Bay of Bengal;x
1583;109;202;202;Ceylon Sea;x
1584;110;202;252;Coast of Maldives;x
1585;222;150;25;Gard;x
1586;127;203;253;Indian Ocean #4;x
1587;79;26;128;Ayen;x
1588;1;222;200;Lake Volta;x
1589;133;43;131;Halland;x
1590;2;200;250;Vaettern;x
1591;3;220;250;Gulf of Bothnia;x
1595;20;253;253;Lake Balqash;x
1597;142;246;236;Lake Alaqol;x
1598;1;200;200;Vaenern;x
1600;232;86;86;Inari;x
1601;32;182;182;Sameland;x
1605;4;250;250;Alands Hav;x
